Text_Type,Book,Chapter,Window,Mean,StDev,normalised
SN,CS,kalpa,329,8.82,14.47,0
SN,CS,kalpa,330,8.86,13.87,0.048579062
SN,CS,kalpa,328,8.88,14.67,0.072868594
SN,CS,kalpa,331,8.94,12.4,0.145737187
SN,CS,kalpa,370,8.98,13.64,0.19431625
SN,CS,kalpa,372,9.03,13.52,0.255040078
SN,CS,kalpa,120,9.09,12.7,0.327908671
SN,CS,kalpa,327,9.23,15.46,0.49793539
SN,CS,kalpa,543,9.23,16.37,0.49793539
SN,CS,kalpa,369,9.28,14.22,0.558659218
SN,CS,kalpa,541,9.31,16.3,0.595093515
SN,CS,kalpa,332,9.4,12.43,0.704396405
SN,CS,kalpa,371,9.41,13.32,0.716541171
SN,CS,kalpa,204,9.42,15.45,0.728685936
SN,CS,kalpa,202,9.47,15.37,0.789409764
SN,CS,kalpa,373,9.5,13.34,0.825844061
SN,CS,kalpa,542,9.51,16.54,0.837988827
SN,CS,kalpa,53,9.56,13.75,0.898712655
SN,CS,kalpa,326,9.57,17.06,0.91085742
SN,CS,kalpa,50,9.58,13.73,0.923002186
SN,CS,kalpa,319,9.58,17.2,0.923002186
SN,CS,kalpa,320,9.58,17.2,0.923002186
SN,CS,kalpa,44,9.59,13.9,0.935146952
SN,CS,kalpa,335,9.59,12.15,0.935146952
SN,CS,kalpa,203,9.61,15.37,0.959436483
SN,CS,kalpa,454,9.62,14.51,0.971581248
SN,CS,kalpa,127,9.63,12.89,0.983726014
SN,CS,kalpa,122,9.66,12.54,1.020160311
SN,CS,kalpa,46,9.68,14,1.044449842
SN,CS,kalpa,334,9.68,11.99,1.044449842
SN,CS,kalpa,119,9.7,12.37,1.068739373
SN,CS,kalpa,440,9.7,16.03,1.068739373
SN,CS,kalpa,81,9.71,15.3,1.080884139
SN,CS,kalpa,453,9.72,14.46,1.093028905
SN,CS,kalpa,47,9.79,14.05,1.178042264
SN,CS,kalpa,97,9.8,12.49,1.190187029
SN,CS,kalpa,196,9.81,14.74,1.202331795
SN,CS,kalpa,45,9.82,13.89,1.214476561
SN,CS,kalpa,51,9.82,15.01,1.214476561
SN,CS,kalpa,80,9.84,15.51,1.238766092
SN,CS,kalpa,131,9.84,12.62,1.238766092
SN,CS,kalpa,193,9.85,15.33,1.250910857
SN,CS,kalpa,368,9.85,13.85,1.250910857
SN,CS,kalpa,195,9.88,14.71,1.287345154
SN,CS,kalpa,121,9.89,12.51,1.29948992
SN,CS,kalpa,367,9.9,13.91,1.311634685
SN,CS,kalpa,52,9.91,14.91,1.323779451
SN,CS,kalpa,192,9.91,15.27,1.323779451
SN,CS,kalpa,43,9.92,12.9,1.335924217
SN,CS,kalpa,527,9.94,15.78,1.360213748
SN,CS,kalpa,130,9.95,12.47,1.372358513
SN,CS,kalpa,194,9.95,14.72,1.372358513
SN,CS,kalpa,49,9.96,13.49,1.384503279
SN,CS,kalpa,129,9.97,12.17,1.396648045
SN,CS,kalpa,41,10,12.56,1.433082342
SN,CS,kalpa,322,10,17.43,1.433082342
SN,CS,kalpa,98,10.02,12.45,1.457371873
SN,CS,kalpa,205,10.02,15.71,1.457371873
SN,CS,kalpa,437,10.02,16.67,1.457371873
SN,CS,kalpa,42,10.05,12.72,1.49380617
SN,CS,kalpa,430,10.07,13.4,1.518095701
SN,CS,kalpa,82,10.08,15.96,1.530240466
SN,CS,kalpa,197,10.09,14.73,1.542385232
SN,CS,kalpa,321,10.09,17.64,1.542385232
SN,CS,kalpa,201,10.1,15.5,1.554529998
SN,CS,kalpa,323,10.1,17.28,1.554529998
SN,CS,kalpa,325,10.1,17.21,1.554529998
SN,CS,kalpa,338,10.1,12.74,1.554529998
SN,CS,kalpa,544,10.11,17,1.566674763
SN,CS,kalpa,318,10.12,17.74,1.578819529
SN,CS,kalpa,441,10.12,15.75,1.578819529
SN,CS,kalpa,70,10.13,14.19,1.590964294
SN,CS,kalpa,207,10.13,16.78,1.590964294
SN,CS,kalpa,540,10.13,16.42,1.590964294
SN,CS,kalpa,99,10.14,12.62,1.60310906
SN,CS,kalpa,48,10.15,13.44,1.615253826
SN,CS,kalpa,455,10.15,14.88,1.615253826
SN,CS,kalpa,83,10.18,16.49,1.651688122
SN,CS,kalpa,206,10.19,17.06,1.663832888
SN,CS,kalpa,78,10.2,15.69,1.675977654
SN,CS,kalpa,84,10.2,16.06,1.675977654
SN,CS,kalpa,199,10.2,14.49,1.675977654
SN,CS,kalpa,317,10.2,17.59,1.675977654
SN,CS,kalpa,374,10.2,11.72,1.675977654
SN,CS,kalpa,545,10.2,17.32,1.675977654
SN,CS,kalpa,424,10.21,13.02,1.688122419
SN,CS,kalpa,79,10.22,15.27,1.700267185
SN,CS,kalpa,333,10.22,12.12,1.700267185
SN,CS,kalpa,77,10.25,14.57,1.736701482
SN,CS,kalpa,95,10.25,12.92,1.736701482
SN,CS,kalpa,516,10.25,14.9,1.736701482
SN,CS,kalpa,200,10.28,14.64,1.773135778
SN,CS,kalpa,452,10.28,14.85,1.773135778
SN,CS,kalpa,71,10.3,13.93,1.79742531
SN,CS,kalpa,316,10.3,17.42,1.79742531
SN,CS,kalpa,85,10.31,15.71,1.809570075
SN,CS,kalpa,337,10.31,12.67,1.809570075
SN,CS,kalpa,55,10.33,14.34,1.833859607
SN,CS,kalpa,87,10.35,15.9,1.858149138
SN,CS,kalpa,408,10.35,14.6,1.858149138
SN,CS,kalpa,128,10.38,12.45,1.894583435
SN,CS,kalpa,366,10.38,14.01,1.894583435
SN,CS,kalpa,54,10.39,14.33,1.9067282
SN,CS,kalpa,72,10.39,13.45,1.9067282
SN,CS,kalpa,89,10.4,14.97,1.918872966
SN,CS,kalpa,96,10.4,12.4,1.918872966
SN,CS,kalpa,419,10.4,13.51,1.918872966
SN,CS,kalpa,420,10.4,13.4,1.918872966
SN,CS,kalpa,110,10.41,10.73,1.931017731
SN,CS,kalpa,438,10.41,16.17,1.931017731
SN,CS,kalpa,439,10.41,16.2,1.931017731
SN,CS,kalpa,531,10.42,17.47,1.943162497
SN,CS,kalpa,422,10.43,13.01,1.955307263
SN,CS,kalpa,462,10.43,14.82,1.955307263
SN,CS,kalpa,530,10.43,17.31,1.955307263
SN,CS,kalpa,423,10.44,12.97,1.967452028
SN,CS,kalpa,586,10.44,14.88,1.967452028
SN,CS,kalpa,336,10.45,12.63,1.979596794
SN,CS,kalpa,456,10.45,14.76,1.979596794
SN,CS,kalpa,198,10.46,14.64,1.991741559
SN,CS,kalpa,427,10.46,13.02,1.991741559
SN,CS,kalpa,86,10.48,15.8,2.016031091
SN,CS,kalpa,118,10.49,11.55,2.028175856
SN,CS,kalpa,191,10.5,14.46,2.040320622
SN,CS,kalpa,276,10.5,16.01,2.040320622
SN,CS,kalpa,90,10.51,14.57,2.052465387
SN,CS,kalpa,629,10.51,16.35,2.052465387
SN,CS,kalpa,539,10.52,16.67,2.064610153
SN,CS,kalpa,547,10.53,17.16,2.076754919
SN,CS,kalpa,189,10.54,14.53,2.088899684
SN,CS,kalpa,442,10.54,16.66,2.088899684
SN,CS,kalpa,111,10.56,10.76,2.113189215
SN,CS,kalpa,112,10.56,10.76,2.113189215
SN,CS,kalpa,113,10.57,11.38,2.125333981
SN,CS,kalpa,94,10.58,13.35,2.137478747
SN,CS,kalpa,324,10.58,17.55,2.137478747
SN,CS,kalpa,123,10.59,12.29,2.149623512
SN,CS,kalpa,73,10.6,14.42,2.161768278
SN,CS,kalpa,100,10.61,12.65,2.173913043
SN,CS,kalpa,115,10.61,11.29,2.173913043
SN,CS,kalpa,187,10.61,13.93,2.173913043
SN,CS,kalpa,75,10.62,14.71,2.186057809
SN,CS,kalpa,546,10.62,17.68,2.186057809
SN,CS,kalpa,208,10.63,16.81,2.198202575
SN,CS,kalpa,426,10.63,12.96,2.198202575
SN,CS,kalpa,555,10.63,16.73,2.198202575
SN,CS,kalpa,533,10.64,17.52,2.21034734
SN,CS,kalpa,126,10.65,12.72,2.222492106
SN,CS,kalpa,461,10.65,14.64,2.222492106
SN,CS,kalpa,109,10.67,10.68,2.246781637
SN,CS,kalpa,268,10.67,15.5,2.246781637
SN,CS,kalpa,146,10.68,11.36,2.258926403
SN,CS,kalpa,188,10.69,14.48,2.271071168
SN,CS,kalpa,76,10.7,14.36,2.283215934
SN,CS,kalpa,517,10.72,14.66,2.307505465
SN,CS,kalpa,556,10.72,16.75,2.307505465
SN,CS,kalpa,116,10.73,11.46,2.319650231
SN,CS,kalpa,124,10.73,12.17,2.319650231
SN,CS,kalpa,421,10.73,12.93,2.319650231
SN,CS,kalpa,114,10.74,11.22,2.331794996
SN,CS,kalpa,102,10.75,11.5,2.343939762
SN,CS,kalpa,190,10.75,14.51,2.343939762
SN,CS,kalpa,538,10.76,16.21,2.356084528
SN,CS,kalpa,209,10.79,16.98,2.392518824
SN,CS,kalpa,451,10.81,16.02,2.416808356
SN,CS,kalpa,457,10.81,14.96,2.416808356
SN,CS,kalpa,91,10.82,14.6,2.428953121
SN,CS,kalpa,511,10.82,13.14,2.428953121
SN,CS,kalpa,630,10.82,16.82,2.428953121
SN,CS,kalpa,548,10.83,16.95,2.441097887
SN,CS,kalpa,532,10.84,17.43,2.453242652
SN,CS,kalpa,431,10.85,13.7,2.465387418
SN,CS,kalpa,93,10.86,15.31,2.477532184
SN,CS,kalpa,425,10.87,12.62,2.489676949
SN,CS,kalpa,515,10.87,14.91,2.489676949
SN,CS,kalpa,60,10.89,14.54,2.51396648
SN,CS,kalpa,519,10.89,14.85,2.51396648
SN,CS,kalpa,56,10.91,14.62,2.538256012
SN,CS,kalpa,557,10.91,17.18,2.538256012
SN,CS,kalpa,74,10.92,14.56,2.550400777
SN,CS,kalpa,88,10.92,15.34,2.550400777
SN,CS,kalpa,274,10.93,16.26,2.562545543
SN,CS,kalpa,182,10.94,14.42,2.574690308
SN,CS,kalpa,101,10.97,11.65,2.611124605
SN,CS,kalpa,147,10.97,11.4,2.611124605
SN,CS,kalpa,312,10.97,18.2,2.611124605
SN,CS,kalpa,529,10.97,17.31,2.611124605
SN,CS,kalpa,184,10.98,15.01,2.623269371
SN,CS,kalpa,460,10.98,14.97,2.623269371
SN,CS,kalpa,125,11,11.95,2.647558902
SN,CS,kalpa,444,11.01,16.16,2.659703668
SN,CS,kalpa,210,11.02,17.37,2.671848433
SN,CS,kalpa,117,11.03,11.39,2.683993199
SN,CS,kalpa,375,11.03,11.2,2.683993199
SN,CS,kalpa,512,11.03,13.7,2.683993199
SN,CS,kalpa,535,11.04,17,2.696137965
SN,CS,kalpa,148,11.06,11.88,2.720427496
SN,CS,kalpa,264,11.06,16.53,2.720427496
SN,CS,kalpa,435,11.06,15.93,2.720427496
SN,CS,kalpa,443,11.07,16.49,2.732572261
SN,CS,kalpa,458,11.07,15.24,2.732572261
SN,CS,kalpa,528,11.07,17.45,2.732572261
SN,CS,kalpa,549,11.07,17.48,2.732572261
SN,CS,kalpa,587,11.07,15.44,2.732572261
SN,CS,kalpa,92,11.08,15.38,2.744717027
SN,CS,kalpa,267,11.08,16.74,2.744717027
SN,CS,kalpa,275,11.08,16.63,2.744717027
SN,CS,kalpa,537,11.08,16.42,2.744717027
SN,CS,kalpa,415,11.09,12.68,2.756861793
SN,CS,kalpa,214,11.1,17.31,2.769006558
SN,CS,kalpa,247,11.1,15.46,2.769006558
SN,CS,kalpa,315,11.1,17.63,2.769006558
SN,CS,kalpa,522,11.1,15.55,2.769006558
SN,CS,kalpa,248,11.11,15.37,2.781151324
SN,CS,kalpa,269,11.11,15.43,2.781151324
SN,CS,kalpa,631,11.13,17.24,2.805440855
SN,CS,kalpa,416,11.14,12.86,2.817585621
SN,CS,kalpa,589,11.14,16.19,2.817585621
SN,CS,kalpa,590,11.14,16.53,2.817585621
SN,CS,kalpa,628,11.14,16.61,2.817585621
SN,CS,kalpa,243,11.15,16.2,2.829730386
SN,CS,kalpa,40,11.16,10.59,2.841875152
SN,CS,kalpa,272,11.16,15.74,2.841875152
SN,CS,kalpa,379,11.16,11.35,2.841875152
SN,CS,kalpa,526,11.16,15.61,2.841875152
SN,CS,kalpa,278,11.17,16.1,2.854019917
SN,CS,kalpa,311,11.17,18.22,2.854019917
SN,CS,kalpa,520,11.17,14.95,2.854019917
SN,CS,kalpa,429,11.19,13.12,2.878309449
SN,CS,kalpa,132,11.2,11.42,2.890454214
SN,CS,kalpa,279,11.2,16.19,2.890454214
SN,CS,kalpa,558,11.21,17.27,2.90259898
SN,CS,kalpa,636,11.22,17.84,2.914743745
SN,CS,kalpa,59,11.24,14.46,2.939033277
SN,CS,kalpa,559,11.24,17.38,2.939033277
SN,CS,kalpa,510,11.27,12.33,2.975467573
SN,CS,kalpa,69,11.28,14.38,2.987612339
SN,CS,kalpa,271,11.28,15.66,2.987612339
SN,CS,kalpa,518,11.29,15.16,2.999757105
SN,CS,kalpa,428,11.3,12.89,3.01190187
SN,CS,kalpa,514,11.31,14.76,3.024046636
SN,CS,kalpa,536,11.31,16.63,3.024046636
SN,CS,kalpa,263,11.32,16.21,3.036191402
SN,CS,kalpa,265,11.32,16.72,3.036191402
SN,CS,kalpa,178,11.33,11.84,3.048336167
SN,CS,kalpa,588,11.33,16.06,3.048336167
SN,CS,kalpa,339,11.34,11.35,3.060480933
SN,CS,kalpa,513,11.34,13.4,3.060480933
SN,CS,kalpa,667,11.34,17.09,3.060480933
SN,CS,kalpa,104,11.35,11.4,3.072625698
SN,CS,kalpa,619,11.36,16.83,3.084770464
SN,CS,kalpa,149,11.37,11.8,3.09691523
SN,CS,kalpa,254,11.37,16.61,3.09691523
SN,CS,kalpa,180,11.38,13.84,3.109059995
SN,CS,kalpa,181,11.38,13.84,3.109059995
SN,CS,kalpa,256,11.38,16.06,3.109059995
SN,CS,kalpa,627,11.38,16.79,3.109059995
SN,CS,kalpa,418,11.4,13.2,3.133349526
SN,CS,kalpa,635,11.4,17.69,3.133349526
SN,CS,kalpa,61,11.41,14.84,3.145494292
SN,CS,kalpa,62,11.41,14.84,3.145494292
SN,CS,kalpa,183,11.41,15.06,3.145494292
SN,CS,kalpa,270,11.41,15.77,3.145494292
SN,CS,kalpa,551,11.41,17.54,3.145494292
SN,CS,kalpa,585,11.41,15.17,3.145494292
SN,CS,kalpa,625,11.41,16.54,3.145494292
SN,CS,kalpa,273,11.42,16.12,3.157639058
SN,CS,kalpa,524,11.43,15.98,3.169783823
SN,CS,kalpa,553,11.44,16.96,3.181928589
SN,CS,kalpa,409,11.45,13.29,3.194073354
SN,CS,kalpa,414,11.45,12.43,3.194073354
SN,CS,kalpa,417,11.45,12.86,3.194073354
SN,CS,kalpa,57,11.47,14.58,3.218362886
SN,CS,kalpa,632,11.48,17.34,3.230507651
SN,CS,kalpa,633,11.49,17.42,3.242652417
SN,CS,kalpa,186,11.5,14.56,3.254797182
SN,CS,kalpa,58,11.51,14.36,3.266941948
SN,CS,kalpa,534,11.51,17.41,3.266941948
SN,CS,kalpa,552,11.51,17.84,3.266941948
SN,CS,kalpa,550,11.52,17.29,3.279086714
SN,CS,kalpa,402,11.54,14.96,3.303376245
SN,CS,kalpa,554,11.54,16.85,3.303376245
SN,CS,kalpa,257,11.55,15.89,3.31552101
SN,CS,kalpa,450,11.55,16.05,3.31552101
SN,CS,kalpa,389,11.56,11.53,3.327665776
SN,CS,kalpa,68,11.58,14.04,3.351955307
SN,CS,kalpa,255,11.58,16.14,3.351955307
SN,CS,kalpa,445,11.59,16.51,3.364100073
SN,CS,kalpa,616,11.59,17.47,3.364100073
SN,CS,kalpa,620,11.59,16.5,3.364100073
SN,CS,kalpa,185,11.6,14.81,3.376244838
SN,CS,kalpa,378,11.6,11.02,3.376244838
SN,CS,kalpa,407,11.62,14.4,3.40053437
SN,CS,kalpa,432,11.63,13.55,3.412679135
SN,CS,kalpa,560,11.64,17.59,3.424823901
SN,CS,kalpa,413,11.65,12.4,3.436968667
SN,CS,kalpa,365,11.67,13.48,3.461258198
SN,CS,kalpa,406,11.68,14.24,3.473402963
SN,CS,kalpa,64,11.69,15.16,3.485547729
SN,CS,kalpa,391,11.69,11.49,3.485547729
SN,CS,kalpa,523,11.7,16.02,3.497692495
SN,CS,kalpa,380,11.74,11.68,3.546271557
SN,CS,kalpa,637,11.74,18.15,3.546271557
SN,CS,kalpa,242,11.77,16.07,3.582705854
SN,CS,kalpa,410,11.77,12.54,3.582705854
SN,CS,kalpa,133,11.8,10.98,3.619140151
SN,CS,kalpa,436,11.8,17.19,3.619140151
SN,CS,kalpa,521,11.81,15.06,3.631284916
SN,CS,kalpa,626,11.82,17.14,3.643429682
SN,CS,kalpa,244,11.83,16.44,3.655574447
SN,CS,kalpa,663,11.83,16.68,3.655574447
SN,CS,kalpa,241,11.84,16.34,3.667719213
SN,CS,kalpa,459,11.84,15.63,3.667719213
SN,CS,kalpa,65,11.85,14.99,3.679863979
SN,CS,kalpa,412,11.85,12.25,3.679863979
SN,CS,kalpa,624,11.85,16.23,3.679863979
SN,CS,kalpa,105,11.87,10.99,3.70415351
SN,CS,kalpa,390,11.88,11.41,3.716298275
SN,CS,kalpa,669,11.89,17.57,3.728443041
SN,CS,kalpa,495,11.9,13.98,3.740587807
SN,CS,kalpa,634,11.9,17.83,3.740587807
SN,CS,kalpa,668,11.9,17.91,3.740587807
SN,CS,kalpa,177,11.91,11.72,3.752732572
SN,CS,kalpa,463,11.91,15.49,3.752732572
SN,CS,kalpa,501,11.91,13.39,3.752732572
SN,CS,kalpa,666,11.91,17.23,3.752732572
SN,CS,kalpa,277,11.92,16.48,3.764877338
SN,CS,kalpa,446,11.93,17.32,3.777022103
SN,CS,kalpa,266,11.94,16.82,3.789166869
SN,CS,kalpa,496,11.95,13.82,3.801311635
SN,CS,kalpa,313,11.97,18.28,3.825601166
SN,CS,kalpa,213,11.98,17.64,3.837745932
SN,CS,kalpa,564,11.98,17.56,3.837745932
SN,CS,kalpa,218,12,18.03,3.862035463
SN,CS,kalpa,240,12,16.31,3.862035463
SN,CS,kalpa,498,12,13.51,3.862035463
SN,CS,kalpa,497,12.02,13.56,3.886324994
SN,CS,kalpa,246,12.03,15.92,3.89846976
SN,CS,kalpa,249,12.03,15.62,3.89846976
SN,CS,kalpa,433,12.03,13.44,3.89846976
SN,CS,kalpa,448,12.03,17.56,3.89846976
SN,CS,kalpa,258,12.04,15.67,3.910614525
SN,CS,kalpa,401,12.04,15.09,3.910614525
SN,CS,kalpa,63,12.06,15.11,3.934904056
SN,CS,kalpa,140,12.06,11.15,3.934904056
SN,CS,kalpa,340,12.06,11.2,3.934904056
SN,CS,kalpa,447,12.06,17.28,3.934904056
SN,CS,kalpa,215,12.07,17.91,3.947048822
SN,CS,kalpa,434,12.07,15.15,3.947048822
SN,CS,kalpa,592,12.07,18.91,3.947048822
SN,CS,kalpa,179,12.09,13.29,3.971338353
SN,CS,kalpa,618,12.09,17.4,3.971338353
SN,CS,kalpa,245,12.11,16.25,3.995627884
SN,CS,kalpa,506,12.11,12.46,3.995627884
SN,CS,kalpa,499,12.12,13.45,4.00777265
SN,CS,kalpa,216,12.14,18.13,4.032062181
SN,CS,kalpa,387,12.14,11.71,4.032062181
SN,CS,kalpa,509,12.14,11.98,4.032062181
SN,CS,kalpa,226,12.15,18.23,4.044206947
SN,CS,kalpa,464,12.15,15.79,4.044206947
SN,CS,kalpa,106,12.16,11.34,4.056351712
SN,CS,kalpa,500,12.17,13.29,4.068496478
SN,CS,kalpa,623,12.17,16.56,4.068496478
SN,CS,kalpa,227,12.18,18.53,4.080641244
SN,CS,kalpa,384,12.18,11.62,4.080641244
SN,CS,kalpa,591,12.18,17.46,4.080641244
SN,CS,kalpa,617,12.18,17.39,4.080641244
SN,CS,kalpa,141,12.19,10.77,4.092786009
SN,CS,kalpa,503,12.19,12.26,4.092786009
SN,CS,kalpa,377,12.2,10.98,4.104930775
SN,CS,kalpa,382,12.22,11.78,4.129220306
SN,CS,kalpa,584,12.22,15.05,4.129220306
SN,CS,kalpa,108,12.23,10.53,4.141365072
SN,CS,kalpa,403,12.24,15.05,4.153509837
SN,CS,kalpa,562,12.26,17.51,4.177799368
SN,CS,kalpa,262,12.27,15.83,4.189944134
SN,CS,kalpa,103,12.28,11.47,4.2020889
SN,CS,kalpa,593,12.31,18.95,4.238523197
SN,CS,kalpa,107,12.32,10.87,4.250667962
SN,CS,kalpa,491,12.32,14.61,4.250667962
SN,CS,kalpa,525,12.32,16.52,4.250667962
SN,CS,kalpa,281,12.33,16.07,4.262812728
SN,CS,kalpa,211,12.34,18.14,4.274957493
SN,CS,kalpa,67,12.35,14.45,4.287102259
SN,CS,kalpa,145,12.35,10.8,4.287102259
SN,CS,kalpa,508,12.35,12.07,4.287102259
SN,CS,kalpa,144,12.36,11.04,4.299247025
SN,CS,kalpa,504,12.36,12.44,4.299247025
SN,CS,kalpa,376,12.37,11.05,4.31139179
SN,CS,kalpa,217,12.38,18.56,4.323536556
SN,CS,kalpa,282,12.38,16.19,4.323536556
SN,CS,kalpa,250,12.4,15.3,4.347826087
SN,CS,kalpa,392,12.42,11.48,4.372115618
SN,CS,kalpa,664,12.44,17.03,4.396405149
SN,CS,kalpa,260,12.45,16.02,4.408549915
SN,CS,kalpa,388,12.45,11.6,4.408549915
SN,CS,kalpa,314,12.46,18.39,4.420694681
SN,CS,kalpa,640,12.46,18.37,4.420694681
SN,CS,kalpa,280,12.5,16.47,4.469273743
SN,CS,kalpa,621,12.5,16.95,4.469273743
SN,CS,kalpa,465,12.51,15.54,4.481418509
SN,CS,kalpa,492,12.52,14.4,4.493563274
SN,CS,kalpa,561,12.56,18.12,4.542142337
SN,CS,kalpa,212,12.57,18.3,4.554287102
SN,CS,kalpa,252,12.59,15.84,4.578576633
SN,CS,kalpa,385,12.6,11.86,4.590721399
SN,CS,kalpa,253,12.61,16.87,4.602866165
SN,CS,kalpa,615,12.62,18.36,4.61501093
SN,CS,kalpa,228,12.63,17.32,4.627155696
SN,CS,kalpa,466,12.64,15.58,4.639300462
SN,CS,kalpa,139,12.65,11.13,4.651445227
SN,CS,kalpa,142,12.68,10.94,4.687879524
SN,CS,kalpa,283,12.68,16.34,4.687879524
SN,CS,kalpa,665,12.69,17.42,4.70002429
SN,CS,kalpa,229,12.7,17.26,4.712169055
SN,CS,kalpa,405,12.71,14.34,4.724313821
SN,CS,kalpa,174,12.72,10.58,4.736458586
SN,CS,kalpa,563,12.72,18,4.736458586
SN,CS,kalpa,507,12.74,12.2,4.760748118
SN,CS,kalpa,583,12.74,15.47,4.760748118
SN,CS,kalpa,261,12.75,15.71,4.772892883
SN,CS,kalpa,381,12.78,11.94,4.80932718
SN,CS,kalpa,638,12.78,18.66,4.80932718
SN,CS,kalpa,383,12.79,11.61,4.821471946
SN,CS,kalpa,143,12.81,10.85,4.845761477
SN,CS,kalpa,449,12.81,16.92,4.845761477
SN,CS,kalpa,489,12.82,14.51,4.857906242
SN,CS,kalpa,565,12.85,17.47,4.894340539
SN,CS,kalpa,467,12.86,15.7,4.906485305
SN,CS,kalpa,231,12.89,17.28,4.942919602
SN,CS,kalpa,259,12.91,15.93,4.967209133
SN,CS,kalpa,566,12.92,17.06,4.979353898
SN,CS,kalpa,353,12.96,11.2,5.027932961
SN,CS,kalpa,468,12.96,15.52,5.027932961
SN,CS,kalpa,614,12.97,18.68,5.040077726
SN,CS,kalpa,411,12.98,12.13,5.052222492
SN,CS,kalpa,505,12.98,12.49,5.052222492
SN,CS,kalpa,235,12.99,16.72,5.064367258
SN,CS,kalpa,502,12.99,13.24,5.064367258
SN,CS,kalpa,160,13.03,11.27,5.11294632
SN,CS,kalpa,239,13.03,16.75,5.11294632
SN,CS,kalpa,622,13.04,16.69,5.125091086
SN,CS,kalpa,137,13.05,10.85,5.137235851
SN,CS,kalpa,570,13.05,15,5.137235851
SN,CS,kalpa,657,13.06,18.19,5.149380617
SN,CS,kalpa,284,13.07,16.31,5.161525383
SN,CS,kalpa,567,13.07,15.58,5.161525383
SN,CS,kalpa,656,13.07,18.12,5.161525383
SN,CS,kalpa,672,13.07,17.53,5.161525383
SN,CS,kalpa,671,13.11,17.86,5.210104445
SN,CS,kalpa,136,13.14,10.7,5.246538742
SN,CS,kalpa,594,13.14,19.61,5.246538742
SN,CS,kalpa,238,13.15,16.96,5.258683507
SN,CS,kalpa,175,13.16,10.68,5.270828273
SN,CS,kalpa,662,13.16,17.17,5.270828273
SN,CS,kalpa,134,13.17,10.54,5.282973039
SN,CS,kalpa,639,13.17,18.92,5.282973039
SN,CS,kalpa,150,13.21,12.41,5.331552101
SN,CS,kalpa,230,13.21,17.45,5.331552101
SN,CS,kalpa,310,13.26,19.65,5.392275929
SN,CS,kalpa,176,13.27,11.31,5.404420695
SN,CS,kalpa,234,13.27,16.99,5.404420695
SN,CS,kalpa,285,13.27,16.41,5.404420695
SN,CS,kalpa,613,13.3,18.94,5.440854991
SN,CS,kalpa,596,13.31,19.36,5.452999757
SN,CS,kalpa,251,13.32,16.23,5.465144523
SN,CS,kalpa,582,13.32,15.77,5.465144523
SN,CS,kalpa,290,13.33,16.44,5.477289288
SN,CS,kalpa,173,13.34,10.43,5.489434054
SN,CS,kalpa,490,13.34,14.71,5.489434054
SN,CS,kalpa,171,13.35,10.57,5.50157882
SN,CS,kalpa,172,13.35,10.57,5.50157882
SN,CS,kalpa,343,13.35,10.56,5.50157882
SN,CS,kalpa,135,13.36,10.56,5.513723585
SN,CS,kalpa,237,13.37,16.9,5.525868351
SN,CS,kalpa,341,13.39,10.89,5.550157882
SN,CS,kalpa,170,13.4,10.52,5.562302648
SN,CS,kalpa,364,13.4,13.13,5.562302648
SN,CS,kalpa,138,13.41,10.97,5.574447413
SN,CS,kalpa,309,13.41,19.89,5.574447413
SN,CS,kalpa,293,13.42,17.97,5.586592179
SN,CS,kalpa,354,13.44,11.33,5.61088171
SN,CS,kalpa,400,13.46,14.87,5.635171241
SN,CS,kalpa,232,13.48,17.39,5.659460772
SN,CS,kalpa,643,13.48,19.08,5.659460772
SN,CS,kalpa,221,13.5,18.63,5.683750304
SN,CS,kalpa,233,13.5,17.17,5.683750304
SN,CS,kalpa,164,13.51,11.02,5.695895069
SN,CS,kalpa,404,13.52,14.82,5.708039835
SN,CS,kalpa,659,13.52,18.21,5.708039835
SN,CS,kalpa,571,13.54,15.25,5.732329366
SN,CS,kalpa,291,13.56,16.71,5.756618897
SN,CS,kalpa,166,13.58,11.06,5.780908428
SN,CS,kalpa,219,13.62,18.61,5.829487491
SN,CS,kalpa,220,13.62,18.63,5.829487491
SN,CS,kalpa,355,13.62,11.32,5.829487491
SN,CS,kalpa,357,13.62,12.13,5.829487491
SN,CS,kalpa,609,13.63,19.76,5.841632256
SN,CS,kalpa,292,13.64,17.08,5.853777022
SN,CS,kalpa,394,13.64,11.58,5.853777022
SN,CS,kalpa,493,13.64,14.32,5.853777022
SN,CS,kalpa,236,13.66,16.91,5.878066553
SN,CS,kalpa,356,13.66,11.94,5.878066553
SN,CS,kalpa,472,13.66,15.61,5.878066553
SN,CS,kalpa,386,13.69,11.96,5.91450085
SN,CS,kalpa,393,13.69,11.8,5.91450085
SN,CS,kalpa,294,13.7,18.35,5.926645616
SN,CS,kalpa,494,13.7,14.24,5.926645616
SN,CS,kalpa,569,13.71,15.39,5.938790381
SN,CS,kalpa,471,13.72,15.64,5.950935147
SN,CS,kalpa,169,13.73,10.53,5.963079913
SN,CS,kalpa,342,13.74,10.73,5.975224678
SN,CS,kalpa,642,13.74,19.39,5.975224678
SN,CS,kalpa,655,13.74,18.45,5.975224678
SN,CS,kalpa,66,13.75,15.55,5.987369444
SN,CS,kalpa,488,13.76,16.41,5.999514209
SN,CS,kalpa,641,13.76,19.32,5.999514209
SN,CS,kalpa,673,13.79,17.4,6.035948506
SN,CS,kalpa,295,13.81,18.2,6.060238037
SN,CS,kalpa,681,13.81,17.8,6.060238037
SN,CS,kalpa,165,13.82,11.13,6.072382803
SN,CS,kalpa,607,13.83,19.8,6.084527569
SN,CS,kalpa,645,13.83,19.14,6.084527569
SN,CS,kalpa,286,13.84,16.96,6.096672334
SN,CS,kalpa,358,13.84,12.33,6.096672334
SN,CS,kalpa,690,13.84,18.25,6.096672334
SN,CS,kalpa,677,13.86,17.5,6.120961865
SN,CS,kalpa,352,13.88,11.13,6.145251397
SN,CS,kalpa,399,13.88,13.99,6.145251397
SN,CS,kalpa,151,13.89,11.55,6.157396162
SN,CS,kalpa,670,13.89,18.32,6.157396162
SN,CS,kalpa,568,13.9,15.85,6.169540928
SN,CS,kalpa,660,13.91,17.98,6.181685693
SN,CS,kalpa,691,13.92,18.17,6.193830459
SN,CS,kalpa,168,13.95,10.49,6.230264756
SN,CS,kalpa,678,13.95,17.71,6.230264756
SN,CS,kalpa,572,13.96,15.44,6.242409521
SN,CS,kalpa,597,13.98,19.6,6.266699053
SN,CS,kalpa,651,14,19.44,6.290988584
SN,CS,kalpa,574,14.01,15.12,6.30313335
SN,CS,kalpa,469,14.02,15.73,6.315278115
SN,CS,kalpa,658,14.04,18.39,6.339567646
SN,CS,kalpa,686,14.09,18.63,6.400291474
SN,CS,kalpa,287,14.13,17,6.448870537
SN,CS,kalpa,344,14.13,10.54,6.448870537
SN,CS,kalpa,302,14.16,18.07,6.485304834
SN,CS,kalpa,289,14.18,16.29,6.509594365
SN,CS,kalpa,359,14.21,12.27,6.546028662
SN,CS,kalpa,162,14.23,11.16,6.570318193
SN,CS,kalpa,487,14.23,16.41,6.570318193
SN,CS,kalpa,600,14.24,19.72,6.582462958
SN,CS,kalpa,307,14.26,19.72,6.60675249
SN,CS,kalpa,575,14.27,15.18,6.618897255
SN,CS,kalpa,696,14.27,17.07,6.618897255
SN,CS,kalpa,345,14.28,10.51,6.631042021
SN,CS,kalpa,470,14.31,16.06,6.667476318
SN,CS,kalpa,159,14.33,11.54,6.691765849
SN,CS,kalpa,301,14.33,18.15,6.691765849
SN,CS,kalpa,167,14.34,10.43,6.703910615
SN,CS,kalpa,346,14.37,10.44,6.740344911
SN,CS,kalpa,695,14.38,17.14,6.752489677
SN,CS,kalpa,580,14.41,16.16,6.788923974
SN,CS,kalpa,288,14.42,16.68,6.801068739
SN,CS,kalpa,161,14.43,11.29,6.813213505
SN,CS,kalpa,300,14.43,18.06,6.813213505
SN,CS,kalpa,360,14.43,12.08,6.813213505
SN,CS,kalpa,595,14.44,19.96,6.825358271
SN,CS,kalpa,675,14.45,17.6,6.837503036
SN,CS,kalpa,395,14.47,11.98,6.861792567
SN,CS,kalpa,644,14.47,19.58,6.861792567
SN,CS,kalpa,163,14.48,11.13,6.873937333
SN,CS,kalpa,298,14.49,18.74,6.886082099
SN,CS,kalpa,693,14.5,16.96,6.898226864
SN,CS,kalpa,692,14.51,18.48,6.91037163
SN,CS,kalpa,296,14.52,18.28,6.922516395
SN,CS,kalpa,608,14.52,19.97,6.922516395
SN,CS,kalpa,646,14.54,19.41,6.946805927
SN,CS,kalpa,581,14.55,16.39,6.958950692
SN,CS,kalpa,653,14.56,18.93,6.971095458
SN,CS,kalpa,654,14.57,18.78,6.983240223
SN,CS,kalpa,610,14.58,19.97,6.995384989
SN,CS,kalpa,299,14.61,18.31,7.031819286
SN,CS,kalpa,350,14.62,10.29,7.043964051
SN,CS,kalpa,351,14.62,10.29,7.043964051
SN,CS,kalpa,661,14.65,17.98,7.080398348
SN,CS,kalpa,297,14.67,18.76,7.10468788
SN,CS,kalpa,573,14.68,15.49,7.116832645
SN,CS,kalpa,222,14.69,19.16,7.128977411
SN,CS,kalpa,225,14.69,19.16,7.128977411
SN,CS,kalpa,676,14.74,17.67,7.189701239
SN,CS,kalpa,680,14.75,18.11,7.201846004
SN,CS,kalpa,347,14.77,10.4,7.226135536
SN,CS,kalpa,611,14.78,20.02,7.238280301
SN,CS,kalpa,612,14.78,20.02,7.238280301
SN,CS,kalpa,598,14.85,19.69,7.32329366
SN,CS,kalpa,679,14.86,18.15,7.335438426
SN,CS,kalpa,682,14.86,18.06,7.335438426
SN,CS,kalpa,601,14.87,19.59,7.347583192
SN,CS,kalpa,650,14.89,19.77,7.371872723
SN,CS,kalpa,684,14.91,18.26,7.396162254
SN,CS,kalpa,694,14.91,17.19,7.396162254
SN,CS,kalpa,304,14.96,18.62,7.456886082
SN,CS,kalpa,348,15,10.35,7.505465145
SN,CS,kalpa,599,15,19.94,7.505465145
SN,CS,kalpa,153,15.03,11.71,7.541899441
SN,CS,kalpa,305,15.03,19.25,7.541899441
SN,CS,kalpa,308,15.06,20.39,7.578333738
SN,CS,kalpa,473,15.07,15.33,7.590478504
SN,CS,kalpa,224,15.08,19.22,7.602623269
SN,CS,kalpa,303,15.08,18.68,7.602623269
SN,CS,kalpa,652,15.09,19.83,7.614768035
SN,CS,kalpa,606,15.11,19.56,7.639057566
SN,CS,kalpa,683,15.13,17.95,7.663347097
SN,CS,kalpa,486,15.14,16.66,7.675491863
SN,CS,kalpa,674,15.18,17.53,7.724070925
SN,CS,kalpa,361,15.25,12.36,7.809084285
SN,CS,kalpa,349,15.26,10.38,7.82122905
SN,CS,kalpa,647,15.31,19.72,7.881952878
SN,CS,kalpa,688,15.32,18.82,7.894097644
SN,CS,kalpa,152,15.36,11.1,7.942676706
SN,CS,kalpa,306,15.36,20,7.942676706
SN,CS,kalpa,685,15.36,18.54,7.942676706
SN,CS,kalpa,39,15.37,7.93,7.954821472
SN,CS,kalpa,485,15.38,17.45,7.966966238
SN,CS,kalpa,477,15.39,18.14,7.979111003
SN,CS,kalpa,689,15.39,18.11,7.979111003
SN,CS,kalpa,579,15.46,16.27,8.064124362
SN,CS,kalpa,223,15.47,19.48,8.076269128
SN,CS,kalpa,396,15.48,12.65,8.088413894
SN,CS,kalpa,602,15.52,19.75,8.136992956
SN,CS,kalpa,474,15.54,15.83,8.161282487
SN,CS,kalpa,577,15.6,15.32,8.234151081
SN,CS,kalpa,484,15.63,18.08,8.270585378
SN,CS,kalpa,480,15.67,17.87,8.31916444
SN,CS,kalpa,363,15.75,12.29,8.416322565
SN,CS,kalpa,476,15.75,17.07,8.416322565
SN,CS,kalpa,578,15.76,16.16,8.428467331
SN,CS,kalpa,482,15.86,17.87,8.549914987
SN,CS,kalpa,362,15.87,12.37,8.562059752
SN,CS,kalpa,648,15.87,20.01,8.562059752
SN,CS,kalpa,398,15.88,12.78,8.574204518
SN,CS,kalpa,158,15.9,11.51,8.598494049
SN,CS,kalpa,483,16.06,17.97,8.792810299
SN,CS,kalpa,478,16.07,18.4,8.804955064
SN,CS,kalpa,687,16.13,18.58,8.877823658
SN,CS,kalpa,475,16.26,17.13,9.035705611
SN,CS,kalpa,481,16.3,17.59,9.084284673
SN,CS,kalpa,649,16.3,20.3,9.084284673
SN,CS,kalpa,479,16.31,18.12,9.096429439
SN,CS,kalpa,576,16.55,15.45,9.387903813
SN,CS,kalpa,605,16.69,19.77,9.557930532
SN,CS,kalpa,397,16.75,12.73,9.630799126
SN,CS,kalpa,154,16.98,11.2,9.910128735
SN,CS,kalpa,603,17.1,20.26,10.05586592
SN,CS,kalpa,604,17.1,20.26,10.05586592
SN,CS,kalpa,157,17.21,11.38,10.18945834
SN,CS,kalpa,38,18.45,6.89,11.69540928
SN,CS,kalpa,155,19.55,11.46,13.0313335
SN,CS,kalpa,156,22.11,11.43,16.14039349
SN,CS,kalpa,37,23.17,6.74,17.42773864
SN,CS,kalpa,36,26.89,7.36,21.94559145
SN,CS,kalpa,35,29.28,7.98,24.84819043
SN,CS,kalpa,34,33.25,9.33,29.66966238
SN,CS,kalpa,33,39.65,11.53,37.44231236
SN,CS,kalpa,32,41.8,12.09,40.05343697
SN,CS,kalpa,31,49.35,14.32,49.222735
SN,CS,kalpa,30,53.53,15.63,54.29924702
SN,CS,kalpa,29,54.9,15.91,55.96307991
SN,CS,kalpa,28,55.93,16.35,57.21399077
SN,CS,kalpa,27,58.86,17.17,60.77240709
SN,CS,kalpa,23,60.58,16.71,62.86130678
SN,CS,kalpa,24,60.82,16.78,63.15278115
SN,CS,kalpa,25,61.52,17,64.00291474
SN,CS,kalpa,26,63.26,18.3,66.11610396
SN,CS,kalpa,22,66.2,17.89,69.68666505
SN,CS,kalpa,21,69.6,18.7,73.81588535
SN,CS,kalpa,20,70.82,18.81,75.29754676
SN,CS,kalpa,19,74.25,19.6,79.46320136
SN,CS,kalpa,18,74.69,20.56,79.99757105
SN,CS,kalpa,12,76.8,20.98,82.56011659
SN,CS,kalpa,11,77.69,21.08,83.64100073
SN,CS,kalpa,15,78,21.73,84.01748846
SN,CS,kalpa,17,78.61,21.47,84.75831916
SN,CS,kalpa,14,79.4,21.96,85.71775565
SN,CS,kalpa,16,79.41,21.69,85.72990041
SN,CS,kalpa,13,81.17,22.21,87.86737916
SN,CS,kalpa,6,84.2,21.11,91.54724314
SN,CS,kalpa,8,84.82,21.96,92.30021861
SN,CS,kalpa,5,85.58,21.34,93.22322079
SN,CS,kalpa,4,85.84,21.47,93.5389847
SN,CS,kalpa,1,86.04,21.22,93.78188001
SN,CS,kalpa,9,88.45,22.84,96.70876852
SN,CS,kalpa,3,88.55,22.3,96.83021618
SN,CS,kalpa,2,88.77,22.39,97.09740102
SN,CS,kalpa,10,90.18,23.27,98.80981297
SN,CS,kalpa,7,91.16,23.31,100
